<?xml version="1.0" standalone="no"?>
<!DOCTYPE svg PUBLIC "-//W3C//DTD SVG 1.1//EN"
"http://www.w3.org/Graphics/SVG/1.1/DTD/svg11.dtd">
<svg width="1920" height="1017" version="1.1" xmlns="http://www.w3.org/2000/svg">
<circle cx="467" cy="313" r="82" style="fill:rgb(0,255,0);stroke-width:3;stroke:rgb(0,255,0)"/>
<rect x="426" y="396" width="96" height="243" style="fill:rgb(0,255,0);stroke-width:3;stroke:rgb(0,255,0)"/>
<rect x="409" y="370" width="121" height="278" style="fill:rgb(0,255,0);stroke-width:3;stroke:rgb(0,255,0)"/>
<rect x="2" y="675" width="1203" height="132" style="fill:rgb(0,255,0);stroke-width:3;stroke:rgb(0,255,0)"/>
<rect x="431" y="644" width="14" height="31" style="fill:rgb(255,0,0);stroke-width:3;stroke:rgb(255,0,0)"/>
<rect x="487" y="644" width="15" height="29" style="fill:rgb(255,0,0);stroke-width:3;stroke:rgb(255,0,0)"/>
<rect x="502" y="665" width="17" height="11" style="fill:rgb(255,0,0);stroke-width:3;stroke:rgb(255,0,0)"/>
<rect x="419" y="665" width="26" height="13" style="fill:rgb(255,0,0);stroke-width:3;stroke:rgb(255,0,0)"/>
<rect x="489" y="664" width="20" height="13" style="fill:rgb(255,0,0);stroke-width:3;stroke:rgb(255,0,0)"/>
<rect x="284" y="403" width="134" height="18" style="fill:rgb(255,0,0);stroke-width:3;stroke:rgb(255,0,0)"/>
<rect x="516" y="406" width="159" height="15" style="fill:rgb(255,0,0);stroke-width:3;stroke:rgb(255,0,0)"/>
<circle cx="442" cy="301" r="22" style="fill:rgb(255,255,255);stroke-width:3;stroke:rgb(255,255,255)"/>
<circle cx="504" cy="309" r="28" style="fill:rgb(255,255,255);stroke-width:3;stroke:rgb(255,255,255)"/>
<circle cx="443" cy="299" r="9" style="fill:rgb(0,0,255);stroke-width:3;stroke:rgb(0,0,255)"/>
<circle cx="502" cy="302" r="9" style="fill:rgb(0,0,255);stroke-width:3;stroke:rgb(0,0,255)"/>
<line x1="373" y1="183" x2="425" y2="254" style="stroke-width:2;stroke:rgb(0,255,0)"/>
<line x1="509" y1="256" x2="555" y2="173" style="stroke-width:2;stroke:rgb(0,255,0)"/>
<line x1="556" y1="173" x2="585" y2="207" style="stroke-width:2;stroke:rgb(0,255,0)"/>
<circle cx="587" cy="210" r="10" style="fill:rgb(0,255,0);stroke-width:3;stroke:rgb(0,255,0)"/>
<circle cx="364" cy="184" r="14" style="fill:rgb(0,255,0);stroke-width:3;stroke:rgb(0,255,0)"/>
<line x1="450" y1="345" x2="493" y2="344" style="stroke-width:2;stroke:rgb(255,0,0)"/>
<line x1="450" y1="347" x2="475" y2="367" style="stroke-width:2;stroke:rgb(255,0,0)"/>
<line x1="475" y1="367" x2="492" y2="346" style="stroke-width:2;stroke:rgb(255,0,0)"/>
<line x1="461" y1="343" x2="462" y2="353" style="stroke-width:2;stroke:rgb(255,0,0)"/>
<line x1="471" y1="346" x2="469" y2="363" style="stroke-width:2;stroke:rgb(255,0,0)"/>
<line x1="479" y1="345" x2="478" y2="360" style="stroke-width:2;stroke:rgb(255,0,0)"/>
<circle cx="1015" cy="118" r="112" style="fill:rgb(255,255,255);stroke-width:3;stroke:rgb(255,0,0)"/>
<line x1="912" y1="31" x2="863" y2="13" style="stroke-width:2;stroke:rgb(255,0,0)"/>
<line x1="893" y1="83" x2="839" y2="67" style="stroke-width:2;stroke:rgb(255,0,0)"/>
<line x1="879" y1="132" x2="839" y2="144" style="stroke-width:2;stroke:rgb(255,0,0)"/>
<line x1="897" y1="184" x2="866" y2="225" style="stroke-width:2;stroke:rgb(255,0,0)"/>
<line x1="930" y1="220" x2="910" y2="281" style="stroke-width:2;stroke:rgb(255,0,0)"/>
<line x1="996" y1="243" x2="993" y2="314" style="stroke-width:2;stroke:rgb(255,0,0)"/>
<line x1="1039" y1="257" x2="1072" y2="332" style="stroke-width:2;stroke:rgb(255,0,0)"/>
<line x1="1089" y1="247" x2="1135" y2="298" style="stroke-width:2;stroke:rgb(255,0,0)"/>
<line x1="1124" y1="189" x2="1176" y2="229" style="stroke-width:2;stroke:rgb(255,0,0)"/>
<line x1="1144" y1="149" x2="1184" y2="138" style="stroke-width:2;stroke:rgb(255,0,0)"/>
<line x1="1146" y1="93" x2="1190" y2="78" style="stroke-width:2;stroke:rgb(255,0,0)"/>
<line x1="1149" y1="63" x2="1179" y2="8" style="stroke-width:2;stroke:rgb(255,0,0)"/>
<line x1="1121" y1="35" x2="1143" y2="19" style="stroke-width:2;stroke:rgb(255,0,0)"/>
<line x1="1097" y1="18" x2="1100" y2="-2" style="stroke-width:2;stroke:rgb(255,0,0)"/>
<line x1="954" y1="14" x2="932" y2="1" style="stroke-width:2;stroke:rgb(255,0,0)"/>
<line x1="980" y1="155" x2="1050" y2="152" style="stroke-width:2;stroke:rgb(255,0,0)"/>
<line x1="983" y1="152" x2="1004" y2="211" style="stroke-width:2;stroke:rgb(255,0,0)"/>
<line x1="1004" y1="211" x2="1050" y2="153" style="stroke-width:2;stroke:rgb(255,0,0)"/>
<line x1="1004" y1="155" x2="997" y2="180" style="stroke-width:2;stroke:rgb(255,0,0)"/>
<line x1="1020" y1="158" x2="1011" y2="210" style="stroke-width:2;stroke:rgb(255,0,0)"/>
<line x1="1033" y1="154" x2="1028" y2="182" style="stroke-width:2;stroke:rgb(255,0,0)"/>
<line x1="1015" y1="153" x2="1001" y2="198" style="stroke-width:2;stroke:rgb(255,0,0)"/>
<rect x="944" y="63" width="61" height="37" style="fill:rgb(255,255,255);stroke-width:3;stroke:rgb(0,0,255)"/>
<rect x="1034" y="65" width="50" height="38" style="fill:rgb(255,255,255);stroke-width:3;stroke:rgb(0,0,255)"/>
<line x1="915" y1="68" x2="949" y2="82" style="stroke-width:2;stroke:rgb(0,0,255)"/>
<line x1="948" y1="82" x2="940" y2="85" style="stroke-width:2;stroke:rgb(0,0,255)"/>
<line x1="1001" y1="86" x2="1036" y2="83" style="stroke-width:2;stroke:rgb(0,0,255)"/>
<line x1="1088" y1="88" x2="1120" y2="71" style="stroke-width:2;stroke:rgb(0,0,255)"/>
<line x1="962" y1="67" x2="950" y2="75" style="stroke-width:2;stroke:rgb(0,0,255)"/>
<line x1="977" y1="72" x2="954" y2="89" style="stroke-width:2;stroke:rgb(0,0,255)"/>
<line x1="990" y1="77" x2="968" y2="94" style="stroke-width:2;stroke:rgb(0,0,255)"/>
<line x1="1054" y1="70" x2="1042" y2="83" style="stroke-width:2;stroke:rgb(0,0,255)"/>
<line x1="1065" y1="77" x2="1049" y2="94" style="stroke-width:2;stroke:rgb(0,0,255)"/>
<line x1="1078" y1="80" x2="1061" y2="97" style="stroke-width:2;stroke:rgb(0,0,255)"/>
<line x1="957" y1="45" x2="999" y2="53" style="stroke-width:2;stroke:rgb(0,0,255)"/>
<line x1="1033" y1="56" x2="1068" y2="41" style="stroke-width:2;stroke:rgb(0,0,255)"/>
<line x1="1014" y1="113" x2="1032" y2="122" style="stroke-width:2;stroke:rgb(0,0,255)"/>
<line x1="1032" y1="122" x2="1016" y2="126" style="stroke-width:2;stroke:rgb(0,0,255)"/>
<rect x="398" y="284" width="69" height="21" style="fill:rgb(255,255,255);stroke-width:3;stroke:rgb(0,0,255)"/>
<rect x="478" y="283" width="57" height="27" style="fill:rgb(255,255,255);stroke-width:3;stroke:rgb(0,0,255)"/>
<line x1="383" y1="294" x2="395" y2="292" style="stroke-width:2;stroke:rgb(0,0,255)"/>
<line x1="468" y1="294" x2="477" y2="292" style="stroke-width:2;stroke:rgb(0,0,255)"/>
<line x1="535" y1="297" x2="547" y2="292" style="stroke-width:2;stroke:rgb(0,0,255)"/>
<circle cx="444" cy="296" r="5" style="fill:rgb(0,0,255);stroke-width:3;stroke:rgb(0,0,255)"/>
<circle cx="441" cy="296" r="10" style="fill:rgb(0,0,255);stroke-width:3;stroke:rgb(0,0,255)"/>
<circle cx="498" cy="297" r="10" style="fill:rgb(0,0,255);stroke-width:3;stroke:rgb(0,0,255)"/>
<circle cx="503" cy="303" r="5" style="fill:rgb(0,0,255);stroke-width:3;stroke:rgb(0,0,255)"/>
<line x1="42" y1="625" x2="21" y2="694" style="stroke-width:2;stroke:rgb(0,255,0)"/>
<line x1="79" y1="633" x2="56" y2="693" style="stroke-width:2;stroke:rgb(0,255,0)"/>
<line x1="92" y1="636" x2="105" y2="704" style="stroke-width:2;stroke:rgb(0,255,0)"/>
<line x1="121" y1="652" x2="132" y2="704" style="stroke-width:2;stroke:rgb(0,255,0)"/>
<line x1="150" y1="640" x2="168" y2="702" style="stroke-width:2;stroke:rgb(0,255,0)"/>
<line x1="199" y1="638" x2="212" y2="692" style="stroke-width:2;stroke:rgb(0,255,0)"/>
<line x1="248" y1="648" x2="257" y2="680" style="stroke-width:2;stroke:rgb(0,255,0)"/>
<line x1="278" y1="642" x2="292" y2="694" style="stroke-width:2;stroke:rgb(0,255,0)"/>
<line x1="322" y1="626" x2="337" y2="693" style="stroke-width:2;stroke:rgb(0,255,0)"/>
<line x1="348" y1="647" x2="360" y2="700" style="stroke-width:2;stroke:rgb(0,255,0)"/>
<line x1="368" y1="634" x2="379" y2="688" style="stroke-width:2;stroke:rgb(0,255,0)"/>
<line x1="389" y1="649" x2="402" y2="684" style="stroke-width:2;stroke:rgb(0,255,0)"/>
<line x1="411" y1="664" x2="422" y2="700" style="stroke-width:2;stroke:rgb(0,255,0)"/>
<line x1="565" y1="641" x2="569" y2="712" style="stroke-width:2;stroke:rgb(0,255,0)"/>
<line x1="600" y1="647" x2="621" y2="701" style="stroke-width:2;stroke:rgb(0,255,0)"/>
<line x1="643" y1="648" x2="660" y2="692" style="stroke-width:2;stroke:rgb(0,255,0)"/>
<line x1="712" y1="642" x2="721" y2="682" style="stroke-width:2;stroke:rgb(0,255,0)"/>
<line x1="805" y1="638" x2="803" y2="674" style="stroke-width:2;stroke:rgb(0,255,0)"/>
<line x1="830" y1="635" x2="845" y2="682" style="stroke-width:2;stroke:rgb(0,255,0)"/>
<line x1="903" y1="638" x2="909" y2="670" style="stroke-width:2;stroke:rgb(0,255,0)"/>
